id;date_reservation;date_rendu;remarques;created_by;updated_by;deleted_by;created_at;updated_at;deleted_at
1;2019-11-02T07:09:49;2019-11-01T21:02:08;Fish multi-byte Savings Account;Computer Practical Fresh Pants;Metal deposit;Producer;2019-11-01T20:10:27;2019-11-01T17:37:39;2019-11-02T11:03:23
2;2019-11-02T16:08:02;2019-11-02T11:47:19;Soap methodology Albania;Home Namibia;Steel zero administration;Multi-channelled Licensed;2019-11-02T01:18:41;2019-11-02T11:21:37;2019-11-02T06:58:24
3;2019-11-02T03:48:39;2019-11-01T16:33:19;Canyon HDD;Table Small Frozen Sausages Planner;envisioneer Music Public-key;infomediaries;2019-11-02T13:13:25;2019-11-02T01:30:46;2019-11-02T04:16:06
4;2019-11-01T20:09:22;2019-11-02T15:19:38;Regional;Tuna;hardware Costa Rica Mayotte;Industrial;2019-11-01T19:56:16;2019-11-01T21:32:58;2019-11-02T05:21:31
5;2019-11-01T17:36:17;2019-11-02T06:40:08;Communications capacitor archive;sky blue Tasty Plastic Pizza;compress South Georgia and the South Sandwich Islands;compelling mission-critical;2019-11-02T03:07:40;2019-11-02T09:31:43;2019-11-02T12:46:13
6;2019-11-02T09:02:31;2019-11-01T20:54:00;Small;deliverables reinvent 24 hour;overriding;monitor 1080p Checking Account;2019-11-01T17:55:17;2019-11-02T07:32:58;2019-11-02T00:31:36
7;2019-11-02T13:22:18;2019-11-01T18:11:37;generating Highway Ergonomic;moratorium moratorium;New York tangible Mississippi;Frozen bus;2019-11-01T21:53:38;2019-11-01T22:49:52;2019-11-02T02:40:55
8;2019-11-02T10:29:20;2019-11-01T21:38:58;Avon;system Small;Intelligent Outdoors;Harbor Montana;2019-11-01T23:27:37;2019-11-01T18:22:16;2019-11-02T12:48:31
9;2019-11-02T10:10:10;2019-11-02T01:38:48;Saint Lucia white;Generic neutral Salad;Auto Loan Account modular Refined;digital maroon;2019-11-01T18:43:53;2019-11-01T18:57:14;2019-11-02T03:12:30
10;2019-11-02T08:22:06;2019-11-01T20:46:27;National;Direct;Profit-focused;Jewelery cutting-edge;2019-11-02T08:50:16;2019-11-02T15:59:08;2019-11-02T12:12:03
