id;date_echeance;date_naissance;date_adhesion;adresse;telephone;type_abonnement;niveau;materiel_technique_autorise;remarque;taille_harnais;taille_combinaison
1;2019-11-03T05:10:57;2019-11-02T19:03:16;2019-11-02T15:21:16;application;514.100.4836 x176;ETUDIANT;PERF;false;Albania web-readiness;M;XL
2;2019-11-03T05:22:43;2019-11-03T08:35:05;2019-11-03T03:13:33;bluetooth;359.540.8661;ETUDIANT;FUNBOARD;false;Bahamian Dollar Investment Account;S;XL
3;2019-11-03T09:10:51;2019-11-03T01:03:01;2019-11-03T00:32:48;Industrial;749-389-5793 x05150;JOURNALIER;PERF;false;scalable;XL;XL
4;2019-11-03T13:50:00;2019-11-02T18:36:01;2019-11-03T09:23:57;monitor 1080p Checking Account;1-361-988-6430 x03363;JOURNALIER;PERF;true;hard drive Robust Networked;L;XL
5;2019-11-03T09:19:48;2019-11-03T13:25:01;2019-11-02T16:40:23;Harbor Montana;(912) 645-7229 x0526;ETUDIANT;PERF;true;digital maroon;S;L
6;2019-11-03T08:42:03;2019-11-02T22:37:37;2019-11-03T03:55:15;copying;(301) 554-4261 x23291;JOURNALIER;FUNBOARD;true;Functionality;L;M
7;2019-11-02T23:32:31;2019-11-02T14:43:58;2019-11-03T02:06:26;Small Plastic Pants Investor;615-449-5256;JOURNALIER;DEBUTANT;true;Point Orchestrator;XL;L
8;2019-11-02T17:34:15;2019-11-02T23:59:24;2019-11-03T06:20:54;red firewall open-source;1-601-963-3598;FAMILLE;DUBUTANTPLUS;false;deposit;XL;XL
9;2019-11-02T22:58:37;2019-11-03T09:38:32;2019-11-03T06:02:05;cross-media;1-888-847-8680 x9178;ADULTE;DUBUTANTPLUS;false;Buckinghamshire Ports;L;L
10;2019-11-03T05:22:34;2019-11-02T22:34:49;2019-11-02T20:18:41;alarm local area network Benin;1-362-225-9934 x896;JOURNALIER;DEBUTANT;false;Bedfordshire Alaska calculate;L;S
