id;date_echeance;date_naissance;date_adhesion;adresse;telephone;type_abonnement;materiel_technique_autorise;remarque;taille_harnais;taille_combinaison;niveau
1;2019-11-17T05:35:25;2019-11-16T19:27:44;2019-11-16T15:45:44;application;514.100.4836 x176;JOURNALIER;true;Electronics;M;M;FUNBOARD
2;2019-11-17T05:47:12;2019-11-17T08:59:34;2019-11-17T03:38:01;bluetooth;359.540.8661;FAMILLE;true;access Intelligent;L;L;PERF
3;2019-11-17T09:35:19;2019-11-17T01:27:30;2019-11-17T00:57:16;Industrial;749-389-5793 x05150;ETUDIANT;true;compelling mission-critical;XL;M;DEBUTANT
4;2019-11-17T14:14:28;2019-11-16T19:00:30;2019-11-17T09:48:25;monitor 1080p Checking Account;1-361-988-6430 x03363;FAMILLE;true;Junction Frozen;M;XL;PERF
5;2019-11-17T04:02:07;2019-11-17T11:59:23;2019-11-17T09:44:16;Dynamic;(355) 691-2645 x722;FAMILLE;true;virtual deposit;XL;M;FUNBOARD
6;2019-11-17T08:02:53;2019-11-17T09:06:31;2019-11-16T23:02:05;Jewelery cutting-edge;1-015-544-2612;ADULTE;false;Oklahoma facilitate;L;S;PERF
7;2019-11-17T13:41:38;2019-11-17T08:10:35;2019-11-16T23:56:59;Berkshire Small Plastic Pants Investor;615-449-5256;ADULTE;false;transmitter;M;S;FUNBOARD
8;2019-11-16T17:58:43;2019-11-17T00:23:52;2019-11-17T06:45:22;red firewall open-source;1-601-963-3598;ADULTE;true;azure;XL;S;DEBUTANTPLUS
9;2019-11-17T12:20:41;2019-11-16T15:24:34;2019-11-16T17:02:46;Human deposit;1-237-788-8847;ADULTE;true;Home Loan Account Tools Unbranded;S;L;DEBUTANT
10;2019-11-17T14:08:43;2019-11-17T08:53:07;2019-11-17T02:43:33;Fish;678.763.5505;JOURNALIER;true;Coordinator Cambridgeshire Investor;L;S;DEBUTANTPLUS
