id;marque;modele;numero;localisation;etat;libelle;volume
1;navigating;interactive generating compelling;Home Loan Account;Plastic;Car Industrial deliverables;orange Books;81546
2;monitor;1080p Checking Account Identity;Frozen IB;Highway Ergonomic;moratorium moratorium;New York tangible Mississippi;38292
3;Developer;synthesize Idaho compress;Sleek Metal Table Small;Intelligent Outdoors;Harbor Montana;Corporate Phased relationships;75555
4;User-centric;Money Market Account;Salad Web virtual;Refined Squares;maroon;EXE projection Fresh;35629
5;Direct;Profit-focused;Jewelery cutting-edge;Games;Iraq Bedfordshire;Concrete 24/7 Directives;32320
6;Mauritania;facilitate Tasty Concrete Chips Exclusive;Buckinghamshire capability zero tolerance;mission-critical;Berkshire Small Plastic Pants Investor;Canadian Dollar;53093
7;Way Dominican Republic;Bulgarian Lev navigate;Re-contextualized;web-enabled invoice withdrawal;bypassing optical;installation;18651
8;Refined Rubber Gloves Algerian Dinar Clothing;open-source turn-key;Sausages;disintermediate Cambridgeshire hacking;bricks-and-clicks Concrete Global;Fiji Dollar Profound Bacon;98216
9;Borders content-based;Tasty Customer Human;pink even-keeled;bus Internal AI;THX bypassing Marketing;Dynamic Home Loan Account Tools;10147
10;invoice Home Gloves;Buckinghamshire Ports;Devolved driver Networked;Fish;payment calculating;local area network Benin;50881
