id;localisation;date_echeance;date_naissance;date_adhesion;pref_taille;adresse;telephone;type_abonnement;niveau;materiel_technique_autorise;remarque
1;neural Wooden Optimization;2019-09-30T10:20:37;2019-10-01T08:20:38;2019-09-30T09:49:23;S;Frozen Metal program;818-047-2038 x8710;ADULTE;DUBUTANTPLUS;false;Principal Pennsylvania dynamic
2;Sleek navigate Oklahoma;2019-09-30T23:32:38;2019-10-01T03:45:21;2019-09-30T11:58:23;S;Advanced grow;071.718.6776 x529;JOURNALIER;DEBUTANT;true;Arizona success Sleek Frozen Chips
3;Gorgeous Rubber Chicken Associate Central African Republic;2019-09-30T18:37:11;2019-10-01T04:31:19;2019-09-30T17:01:39;L;Naira iterate;1-092-990-8341 x6321;ADULTE;PERF;false;Engineer Architect
4;Beauty dynamic schemas;2019-09-30T19:15:31;2019-09-30T17:17:31;2019-10-01T03:13:20;M;parsing;1-475-694-0988 x50104;JOURNALIER;DEBUTANT;true;generating bypassing Bypass
5;Plastic Movies;2019-10-01T07:55:00;2019-09-30T12:58:20;2019-09-30T17:07:27;XL;input Accounts;322-421-2926 x22867;FAMILLE;FUNBOARD;true;SAS
6;Planner Refined;2019-09-30T14:43:18;2019-10-01T00:02:30;2019-09-30T19:33:59;XL;transmit Credit Card Account;1-829-160-9365 x6354;FAMILLE;PERF;true;middleware Switzerland
7;Data Granite Configuration;2019-09-30T21:54:52;2019-09-30T15:16:17;2019-10-01T03:31:39;M;Investment Account frictionless orchid;230.514.1514 x166;FAMILLE;FUNBOARD;true;Officer Savings Account Automated
8;Pants even-keeled Chair;2019-10-01T07:35:47;2019-09-30T20:33:22;2019-10-01T06:49:48;M;Granite open architecture;1-007-466-0581;ADULTE;PERF;false;sky blue cultivate Bedfordshire
9;navigate Kiribati;2019-09-30T16:25:59;2019-09-30T15:47:10;2019-10-01T08:13:44;S;feed;(857) 501-8435 x32127;JOURNALIER;PERF;true;Investment Account Indian Rupee
10;withdrawal Club Nebraska;2019-09-30T16:02:30;2019-09-30T19:38:28;2019-09-30T20:20:22;XL;customized payment;234.936.9201 x213;ETUDIANT;PERF;true;Small Andorra infomediaries
